SI.NO.,ACCESS NO.,TITLE OF THE BOOK,,AUTHORS,PUBLICATION,,COST,
1,CS001,Distributed Systems,,"George Coulouris,Jean Dollimore",Pearson,,_,
2,CS002,A Textbook of Electrical Technology- Vol-II,,"B.L Thereja,A.K. Thereja",S. Chand,,_,
3,CS003,Digital Design,,"M.Moris Mano,Michael D.Ciletti",Pearson Education,,_,
4,CS004,Digital Design,,"M.Moris Mano,Michael D.Ciletti",Pearson Education,,_,
5,CS005,Digital Design,,"M.Moris Mano,Michael D.Ciletti",Pearson Education,,_,
6,CS006,Digital Design,,"M.Moris Mano,Michael D.Ciletti",Pearson Education,,_,
7,CS007,Digital Design,,"M.Moris Mano,Michael D.Ciletti",Pearson Education,,_,
8,CS008,Digital Design,,"M.Moris Mano,Michael D.Ciletti",Pearson Education,,_,
9,CS009,Digital Design,,"M.Moris Mano,Michael D.Ciletti",Pearson Education,,_,
10,CS010,Digital Design,,"M.Moris Mano,Michael D.Ciletti",Pearson Education,,_,
11,CS011,Digital Design,,"M.Moris Mano,Michael D.Ciletti",Pearson Education,,_,
12,CS012,Digital Design,,M.Moris Mano,Pearson Education,,_,
13,CS013,Digital Design,,"M.Moris Mano,Michael D.Ciletti",Pearson Education,,_,
14,CS014,Digital Design,,"M.Moris Mano,Michael D.Ciletti",Pearson Education,,_,
15,CS015,Operating Systems,,H. M. Deitel,Pearson Education,,_,
16,CS016,Operating Systems,,H. M. Deitel,Pearson Education,,_,
17,CS017,A Textbook of Electrical Technology (Vol – I),,"B.L. Thereja,A.K. Thereja",S. chand,,_,
18,CS018,Operating Systems,,"Sibsankar Haldar,Alex. A. Aravind",Pearson Education,,_,
19,CS019,Programming with ANSI C++,,Bhushan Trivedi,Oxford Higher Education,,_,
20,CS020,Programming with ANSI C++,,Bhushan Trivedi,Oxford Higher Education,,_,
21,CS021,Programming with ANSI C++,,Bhushan Trivedi,Oxford Higher Education,,_,
22,CS022,Programming with ANSI C++,,Bhushan Trivedi,Oxford Higher Education,,_,
23,CS023,Digital Design,,M.Moris Mano,Prentice-Hall of India,,225,
24,CS024,Computer Architecture and Logic Design,,Thomas C.Bartee,McGraw-Hill Publications,,_,
25,CS025,Computer Organization,,"Carl Hamacher,Zvono Vranesic,Safwat Zaky",Mcgraw Hill,,_,
26,CS026,Computer Organization,,"Carl Hamacher,Zvono Vranesic,Safwat Zaky",Mcgraw Hill,,_,
27,CS027,Computer Architecture and Logic Design,,Thomas C.Bartee,McGraw-Hill Publications,,_,
28,CS028,Computer Organization,,"Carl Hamacher,Zvono Vranesic,Safwat Zaky",Mcgraw Hill,,_,
29,CS029,Computer Organization,,"Carl Hamacher,Zvono Vranesic,Safwat Zaky",Mcgraw Hill,,_,
30,CS030,Computer Architecture and organization,,John P.Hayes,McGraw-Hill Edition,,_,
31,CS031,Computer organization & Architecture,,"A.P.Godse,D.A.Godse",Technical Publiction,,_,
32,CS032,Computer Architecture and organization,,John P.Hayes,McGraw-Hill Edition,,_,
33,CS033,"Introduction to Automata Theory, Languages, and Computation",,"John. E. Hopcroft,Rajeev Motwani",Pearson,,_,
34,CS034,"Introduction to Automata Theory, Languages, and Computation",,"John. E. Hopcroft,Rajeev Motwani",Pearson,,_,
35,CS035,"Introduction to Automata Theory, Languages, and Computation",,"John. E. Hopcroft,Rajeev Motwani",Pearson,,_,
36,CS036,"Introduction to Automata Theory, Languages, and Computation",,"John. E. Hopcroft,Rajeev Motwani",Pearson,,_,
37,CS037,"Introduction to Automata Theory, Languages, and Computation",,"John. E. Hopcroft,Rajeev Motwani",Pearson,,_,
38,CS038,"Introduction to Automata Theory, Languages, and Computation",,"John. E. Hopcroft,Rajeev Motwani",Pearson,,_,
39,CS039,"Microprocessor Architecture , Programming, and Applications With The 8085",,Ramesh Gaonkar,Penram International Publications,,_,
40,CS040,"Microprocessor Architecture , Programming, and Applications With The 8085",,Ramesh Gaonkar,Penram International Publications,,_,
41,CS041,"Introduction to Automata Theory, Languages, and Computation",,"John. E. Hopcroft,Rajeev Motwani",Pearson,,_,
42,CS042,Object Oriented Systems Development,,Ali Bahrami,Tata McGraw-Hill Publications,,_,
43,CS043,Object Oriented Systems Development,,Ali Bahrami,Tata McGraw-Hill Publications,,_,
44,CS044,Object Oriented Systems Development,,Ali Bahrami,Tata McGraw-Hill Publications,,_,
45,CS045,Object Oriented Systems Development,,Ali Bahrami,Tata McGraw-Hill Publications,,_,
46,CS046,Advanced Electronic Communications Systems,,Wayne Tomasi,PHI  Learning,,350,
47,CS047,Advanced Electronic Communications Systems,,Wayne Tomasi,PHI  Learning,,350,
48,CS048,Advanced Electronic Communications Systems,,Wayne Tomasi,PHI  Learning,,350,
49,CS049,Software Engineering,,Roger s.pressman,Tata McGraw-Hill Edition,,-,
50,CS050,Software Engineering,,Roger s.pressman,Tata McGraw-Hill Edition,,-,
51,CS051,Software Engineering,,Roger s.pressman,Tata McGraw-Hill Edition,,-,
52,CS052,Software Engineering,,Roger s.pressman,Tata McGraw-Hill Edition,,-,
53,CS053,Systems Programming,,John J.Donovan,Tata McGraw-Hill Publications,,-,
54,CS054,Systems Programming,,John J.Donovan,Tata McGraw-Hill Publications,,-,
55,CS055,Systems Programming,,John J.Donovan,Tata McGraw-Hill Publications,,-,
56,CS056,Computer System Architecture,,M. Morris Mano,Prentice Hall India,,-,
57,CS057,Artificial Intelligence,,"Stuart Russell,Peter Norvig",Pearson Education,,-,
58,CS058,Computer Graphics,,"Donald Hearn,M.Pauline Baker",Prentice Hall of India,,-,
59,CS059,Engineering Mathematics,,"P.N.Ramachandran,R.Kumar",Madhukaa Publishers,,100,
60,CS060,Engineering Mathematics,,"P.N.Ramachandran,R.Kumar",Madhukaa Publishers,,100,
61,CS061,Engineering Mathematics,,"P.N.Ramachandran,R.Kumar",Madhukaa Publishers,,100,
62,CS062,Numerical Methods,,N.Subramaniam,SCM Publisher,,280,
63,CS063,Numerical Methods,,N.Subramaniam,SCM Publisher,,280,
64,CS064,Numerical Methods,,N.Subramaniam,SCM Publisher,,280,
65,CS065,Numerical Methods,,N.Subramaniam,SCM Publisher,,280,
66,CS066,Artificial Intelligence,,"Elaine Rich,Kevin Knight",Tata Mcgraw Hill,,-,
67,CS067,Artificial Intelligence,,"Elaine Rich,Kevin Knight",Tata Mcgraw Hill,,-,
68,CS068,Artificial Intelligence,,"Elaine Rich,Kevin Knight",Tata Mcgraw Hill,,-,
69,CS069,Artificial Intelligence,,"Elaine Rich,Kevin Knight",Tata Mcgraw Hill,,-,
70,CS070,Artificial Intelligence,,"Elaine Rich,Kevin Knight",Tata Mcgraw Hill,,-,
71,CS071,Artificial Intelligence,,"Elaine Rich,Kevin Knight",Tata Mcgraw Hill,,-,
72,CS072,Artificial Intelligence,,"Elaine Rich,Kevin Knight",Tata Mcgraw Hill,,-,
73,CS073,Artificial Intelligence,,"Stuart Russell,Peter Norvig",Pearson Education,,-,
74,CS074,Artificial Intelligence,,"Stuart Russell,Peter Norvig",Pearson Education,,-,
75,CS075,Artificial Intelligence,,"Stuart Russell,Peter Norvig",Pearson Education,,-,
76,CS076,Artificial Intelligence,,"Stuart Russell,Peter Norvig",Pearson Education,,-,
77,CS077,Computer Graphics,,"Donald Hearn,M.Pauline Baker",Prentice Hall of India,,-,
78,CS078,Computer Graphics,,"Donald Hearn,M.Pauline Baker",Prentice Hall of India,,-,
79,CS079,"Microprocessor Architecture , Programming, and Applications With The 8085",,Ramesh Gaonkar,Penram International Publications,,-,
80,CS080,"Microprocessor Architecture , Programming, and Applications With The 8085",,Ramesh Gaonkar,Penram International Publications,,-,
81,CS081,"Microprocessor Architecture , Programming, and Applications With The 8085",,Ramesh Gaonkar,Penram International Publications,,-,
82,CS082,Microcomputer Systems: The 8086/8088 Family,,"Yu-Cheng Liu,Glenn A. Gibson",Prentice Hall India,,-,
83,CS083,Microprocessors And Microcomputer-based system design,,Mohamed Rafiquzzaman,UBS Publishers,,-,
84,CS084,"Microprocessor Architecture , Programming, and Applications With The 8085",,Ramesh Gaonkar,Penram International Publications,,-,
85,CS085,Essentials of Visual Modeling with  UML 2.0,,-,IBM,,-,
86,CS086,Essentials of Visual Modeling with  UML 2.0,,-,IBM,,-,
87,CS087,Essentials of Visual Modeling with  UML 2.0,,-,IBM,,-,
88,CS088,Essentials of Rational Clearcase UCM v7.0 for Unix,,-,IBM,,-,
89,CS089,Essentials of Functional Testing with IBM Rational,,-,IBM,,-,
90,CS090,Essentials of IBM Rational Software Architect V7.0,,-,IBM,,-,
91,CS091,Essentials of IBM Rational Requisite Pro 7.0,,-,IBM,,--,
92,CS092,Mastering Object-oriented Analysis and Design with UML 2.0,,-,IBM,,-,
93,CS093,Mastering Object-oriented Analysis and Design with UML 2.0,,-,IBM,,-,
94,CS094,Essentials of Test Management with IBM Rational Test Manager V7.0,,-,IBM,,-,
95,CS095,Essentials of IBM Rational Software Architect V7.0,,-,IBM,,-,
96,CS096,Essentials of IBM Rational Software Architect V7.0,,-,IBM,,-,
97,CS097,The  8051 Microcontroller and Embedded Systems,,"Muhammad Ali Mazidi,Janice Gillispie Mazidi,Rolin D.McKinlay",Pearson Education,,-,
98,CS098,The  8051 Microcontroller and Embedded Systems,,"Muhammad Ali Mazidi,Janice Gillispie Mazidi,Rolin D.McKinlay",Pearson Education,,-,
99,CS099,The  8051 Microcontroller and Embedded Systems,,"Muhammad Ali Mazidi,Janice Gillispie Mazidi,Rolin D.McKinlay",Pearson Education,,-,
100,CS100,The  8051 Microcontroller and Embedded Systems,,"Muhammad Ali Mazidi,Janice Gillispie Mazidi,Rolin D.McKinlay",Pearson Education,,-,
101,CS101,The  8051 Microcontroller and Embedded Systems,,"Muhammad Ali Mazidi,Janice Gillispie Mazidi,Rolin D.McKinlay",Pearson Education,,-,
102,CS102,Microprocessors and Interfacing,,Douglas V.Hall,Tata McGraw-Hill Publications,,-,
103,CS103,Microprocessors and Interfacing,,Douglas V.Hall,Tata McGraw-Hill Publications,,-,
104,CS104,Microprocessors and Interfacing,,Douglas V.Hall,Tata McGraw-Hill Publications,,-,
105,CS105,Microprocessors and Interfacing,,Douglas V.Hall,Tata McGraw-Hill Publications,,-,
106,CS106,Theory and Problems of programming  with pascal,,Byron s. Gotterfried.,Tata McGraw-Hill Edition,,-,
107,CS107,Theory and Problems of programming  with pascal,,Byron s. Gotterfried.,Tata McGraw-Hill Edition,,-,
108,CS108,Computer Graphics,,"Donald Hearn,M.Pauline Baker",Prentice Hall of India,,-,
109,CS109,Computer Graphics,,"Donald Hearn,M.Pauline Baker",Prentice Hall of India,,-,
110,CS110,IBM PC AND CLONES,,B.Govindarajalu,Tata McGraw-Hill Publications,,-,
111,CS111,IBM PC AND CLONES,,B.Govindarajalu,Tata McGraw-Hill Publications,,-,
112,CS112,IBM PC AND CLONES,,B.Govindarajalu,Tata McGraw-Hill Publications,,-,
113,CS113,Programming Visual C++,,"David J. Kruglinski, et al.",Microsoft Press,,-,
114,CS114,Programming Visual C++,,"David J. Kruglinski, et al.",Microsoft Press,,-,
115,CS115,Programming Visual C++,,"David J. Kruglinski, et al.",Microsoft Press,,-,
116,CS116,Programming Visual C++,,"David J. Kruglinski, et al.",Microsoft Press,,-,
117,CS117,Programming Visual C++,,"David J. Kruglinski, et al.",Microsoft Press,,-,
118,CS118,Ethics in Engineering,,"Mike W.Martin,Roland Schinzinger",Tata McGraw-Hill Publications,,-,
119,CS119,Ethics in Engineering,,"Mike W.Martin,Roland Schinzinger",Tata McGraw-Hill Publications,,-,
120,CS120,Ethics in Engineering,,"Mike W.Martin,Roland Schinzinger",Tata McGraw-Hill Publications,,-,
121,CS121,Ethics in Engineering,,"Mike W.Martin,Roland Schinzinger",Tata McGraw-Hill Publications,,-,
122,CS122,Digital computer Electronics,,Malvino.Brown,Tata McGraw-Hill Edition,,-,
123,CS123,Database systems,,Peter rob.carlos coronel,Cengage learning,,-,
124,CS124,Database management Systems,,"Arun k Majumdar,Pritimoy Bhattacharya",Tata McGraw Hill,,-,
125,CS125,Fundamentals of Database systems,,Elmasri/Navathe,TheBenjamin/Cummings Publishing company,,-,
126,CS126,Database system concpets,,"Abraham Silberscahatz,Henry F Korth,S.Sudarshan",McGraw-Hill Edition,,-,
127,CS127,Environmental Science and Engineering,,"Anubha Kaushik ,C.P.Kaushik",New Age International Publishers,,150,
128,CS128,Environmental Science and Engineering,,"Anubha Kaushik ,C.P.Kaushik",New Age International Publishers,,150,
129,CS129,Environmental Science and Engineering,,"Anubha Kaushik ,C.P.Kaushik",New Age International Publishers,,150,
130,CS130,Computer Practice- I,,"V. Ramesh Babu,R. Samyukta",VRB,,-,
131,CS131,Fundamentals of Computing,,M. Chandrasekar,Anuradha,,-,
132,CS132,Fundamentals of Computer and Programming,,Meena Vijayabharathi,SaraS,,-,
133,CS133,Fundamentals of Computing,,T. Jeyapoovan,Vikas,,-,
134,CS134,Computer Programming,,"G. Muneeswari,R. S. Ponmagal",Dhanam,,-,
135,CS135,Computer Practice- I,,"R.S. Kumar,    V. Evelyn Brindha",Hi-Tech,,-,
136,CS136,System Programming,,Srimanta pal,Oxford university press,,-,
137,CS137,Digital Signal Processing,,"John G. Proakis,Dimitris G. Manolakis",Prentice Hall India,,-,
138,CS138,Advanced Electronic Communications Systems,,Wayne Tomasi,PHI  Learning,,350,
139,CS139,Advanced Electronic Communications Systems,,Wayne Tomasi,PHI  Learning,,350,
140,CS140,The Unix Programming Environment,,Braian W.Kernighan rob pike,Prentice hall of india,,-,
141,CS141,The Unix Programming Environment,,Braian W.Kernighan rob pike,Prentice hall of india,,-,
142,CS142,The Unix Programming Environment,,Braian W.Kernighan rob pike,Prentice hall of india,,-,
143,CS143,Software Quality,,Alan C Gillies,Cengage learning,,-,
144,CS144,Software Quality,,Alan C Gillies,Cengage learning,,-,
145,CS145,Transforms and Partial Differential Equations,,N.Subramaniam,SCM Publisher,,350,
146,CS146,Transforms and Partial Differential Equations,,N.Subramaniam,SCM Publisher,,350,
147,CS147,Transforms and Partial Differential Equations,,N.Subramaniam,SCM Publisher,,350,
148,CS148,Transforms and Partial Differential Equations,,N.Subramaniam,SCM Publisher,,350,
149,CS149,Transforms and Partial Differential Equations,,N.Subramaniam,SCM Publisher,,350,
150,CS150,Transforms and Partial Differential Equations,,N.Subramaniam,SCM Publisher,,350,
151,CS151,Transforms and Partial Differential Equations,,N.Subramaniam,SCM Publisher,,350,
152,CS152,Transforms and Partial Differential Equations,,N. Subramaniam,SCM publication,,-,
153,CS153,Transforms and Partial Differential Equations,,N. Subramaniam,SCM publication,,-,
154,CS154,Transforms and Partial Differential Equations,,N. Subramaniam,SCM publication,,-,
155,CS155,Transforms and Partial Differential Equations,,N. Subramaniam,SCM publication,,-,
156,CS156,Transforms and Partial Differential Equations,,N. Subramaniam,SCM publication,,-,
157,CS157,Transforms and Partial Differential Equations,,N. Subramaniam,SCM publication,,-,
158,CS158,Transforms and Partial Differential Equations,,N. Subramaniam,SCM publication,,-,
159,CS159,Transforms and Partial Differential Equations,,N. Subramaniam,SCM publication,,-,
160,CS160,Transforms and Partial Differential Equations,,N. Subramaniam,SCM publication,,-,
161,CS161,Mobile computing,,Rajkmal,Oxford publication,,-,
162,CS162,Mobile Communications,,Jochen Sciller,Pearson Education,,-,
163,CS164,Computer Algorithms,,"Sara Baase,Allen Van Gelder",Pearson Education,,-,
164,CS165,Design & Analysis of Algorithms,,A.A. Puntambekar,Technical,,-,
165,CS166,Fundamentals of Computer Algorithms,,"Ellis Horowitz, Sartaj Sahni",Galgotia,,-,
166,CS167,Fundamentals of Computer Algorithms,,"Ellis Horowitz, Sartaj Sahni",Galgotia,,-,
167,CS168,Software Engineering concepts,,Richard E.Fairly,Tata McGraw-Hill Edition,,-,
168,CS169,Digital Signal Processing,,"John G.Proakis,Dimitris G.Manolakis",Pearson Education,,-,
169,CS170,Digital Signal Processing,,"John G.Proakis, Dimitris G.Manolakis",Pearson Education,,-,
170,CS171,Digital Signal Processing,,"John G.Proakis,Dimitris G.Manolakis",Pearson Education,,-,
171,CS172,Total Quality Management,,Dale H. Besterfield et. al,Pearson,,-,
172,CS173,Total Quality Management,,Dale H. Besterfield et. al,Pearson,,-,
173,CS174,Total Quality Management,,Dale H. Besterfield et. al,Pearson,,-,
174,CS175,Total Quality Management,,Dale H. Besterfield et. al,Pearson,,-,
175,CS176,Total Quality Management,,Dale H. Besterfield et. al,Pearson,,-,
176,CS177,Total Quality Management,,Dale H. Besterfield et. al,Pearson,,-,
177,CS178,Total Quality Management,,Dale H. Besterfield et. al,Pearson,,-,
178,CS179,Essentials of Management,,"Harold Koontz,Heinz Weihrich",Tata Mcgraw Hill,,-,
179,CS180,Essentials of Management,,"Harold Koontz,Heinz Weihrich",Tata Mcgraw Hill,,-,
180,CS181,Essentials of Management,,"Harold Koontz,Heinz Weihrich",Tata Mcgraw Hill,,-,
181,CS182,Essentials of Management,,"Harold Koontz,Heinz Weihrich",Tata Mcgraw Hill,,-,
182,CS183,Essentials of Management,,"Harold Koontz,Heinz Weihrich",Tata Mcgraw Hill,,-,
183,CS184,Data And Computer Communications,,William Stallings,Pearson Education,,-,
184,CS185,Advanced Microprocessors and Peripherals,,"Akray,K M Burchandi",Tata McGraw Hill,,-,
185,CS186,Enterprise java beans,,Tom valesky,Pearson Education,,-,
186,CS187,Client/server computing,,"Patrick smith,Strve guengerich",Prentice-hall of india,,-,
187,CS188,Client/Server Computing,,"Patrick Smith,Steve Guengerih",Prentice Hall India (PHI),,-,
188,CS189,Computer Architecture And Parallel processing,,Faye A. Briggs,McGraw-Hill Edition,,-,
189,CS190,Engineering Mathematics,,A.Singaravelu,Meenakshi Publications,,120,
190,CS191,Computer Architecture And Parallel processing,,Faye A. Briggs,McGraw-Hill Edition,,-,
191,CS192,Numerical Methods,,"P. Kandasamy, K. Thilagavathy,K. Gunavathy",S. Chand,,-,
192,CS193,Discrete Event Simulation,,"Jerry Banks,John S. Carson et al",Prentice Hall India,,-,
193,CS194,Advanced Electronic Communications Systems,,Wayne Tomasi,PHI  Learning,,350,
194,CS195,Enterprise java beans,,Tom valesky,Pearson Education,,-,
195,CS196,Digital Signal Processing,,"John G.Proakis,Dimitris G.Manolakis",Pearson Education,,-,
196,CS197`,Digital Logic and Computer Design,,M.Morris Mano,Prentice Hall India,,-,
197,CS198,Digital Signal Processing,,P.Ramesh Babu,Scitech Publications,,295,
198,CS199,Introduction to Network Security,,Neal Krawetz,Cenage Learning,,-,
199,CS200,Environmental Science and Engineering,,"Anubha Kaushik ,C.P.Kaushik",New Age International Publishers,,150,
200,CS201,Communication Electronics,,"N D Deshpande,D A Deshpande,P K Rangole",Tata McGraw Hill,,-,
201,CS202,Multimedia- Making it work,,Tay Vaughan,Tata McGraw Hill,,,
202,CS203,Introductions to  Environmental Engineering and science,,"Gilbert M.Masters,Wendell p.ELA",Prentice-Hall of India,,-,
203,CS204,Operations Research,,"Prem Kumar Gupta, D.S. Hira",S. Chand,,-,
204,CS205,Operations Research,,"Prem Kumar Gupta, D.S. Hira",S. Chand,,-,
205,CS206,Operating Systems,,H.M. Deitel,Addison wesley,,-,
206,CS207,Operations Research,,"Prem Kumar Gupta, D.S. Hira",S. Chand,,-,
207,CS208,Advanced Electronic Communications Systems,,Wayne Tomasi,PHI  Learning,,350,
208,CS209,Operating Systems,,"Gary Nutt, Nabendu Chaki,Sarmisyha Neogy",Pearson,,-,
209,CS210,Operating System Concepts,,"Silbershat, Galvin",Addison Wesley,,-,
210,CS211,Engineering Mathematics,,A.Singaravelu,Meenakshi Publications,,120,
211,CS212,Computer Practice- I,,"T. Jeyapoovan, Sanjay Saxena",Vikas,,-,
212,CS213,A Textbook of Electrical Technology Vol - I,,"B. L. Thereja,A. K. Thereja",S. Chand,,-,
213,CS214,Programming in C#,,E. Balagurusamy,Tata McGraw Hill,,-,
214,CS215,IBM PC AND CLONES,,B.Govindarajalu,Tata McGraw-Hill Publications,,-,
215,CS216,The Essential Guide to User Interface Design,,Wilbert O. Galitz,Wiley India,,-,
216,CS217,Industrial Robotics,,"Mikell P.Groover,Mitchell
Weiss,Roger N.Nagel,Nicholas G.Odrey",McGraw-Hill International Editions,,-,
217,CS218,Programming with Structured COBOL,,P S Grover,Macmillan Series,,-,
218,CS219,Programming with Structured COBOL,,P S Grover,Macmillan Series,,-,
219,CS220,Programming with Structured COBOL,,P S Grover,Macmillan Series,,-,
220,CS221,Programming with Structured COBOL,,P S Grover,Macmillan Series,,-,
221,CS222,Programming with Structured COBOL,,P S Grover,Macmillan Series,,-,
222,CS223,Digital Instrumentation,,A.J.Bouwens,Tata McGraw-Hill Publications,,-,
223,CS224,Principles Of Information Security,,"Michael E. Whitman, Herbert J. Mattord",Cenage Learning,,-,
224,CS225,Programming With Fortran 77,,Ram Kumar,Tata McGraw-Hill Publications,,-,
225,CS226,Numerical Methods,,J.S. Chitode,Technical,,-,
226,CS227,System Software,,"Leland L.Beck,D.Manjula",Pearson Education,,-,
227,CS228,Digital Instrumentation,,A.J.Bouwens,Tata McGraw-Hill Publications,,-,
228,CS229,Digital Signal Processing,,"John G Proakis,Dimitris G.Manolakis",Pearson Education,,229,
229,CS230,Grid Computing,,"Joshy Joseph,Craig Fellenstein",Pearson Education,,-,
230,CS232,Advanced Electronic Communications Systems,,Wayne Tomasi,PHI  Learning,,350,
231,CS233,GATE /CSE,,D.P.Nagpal,S.Chand,,-,
232,CS234,Environmental Studies,,S.Ananthapadmanaban,,,,
233,CS235,Data And Computer Communications,,William Stallings,Prentice Hall India,,-,
234,CS236,Internet and World Wide Web,,"H.M. Deitel,P. J. Deitel,A.B. Goldberg",Pearson Education,,-,
235,CS237,Fundamentals of Data Structures,,"Ellis Horowitz,Sartaj Sahni",Galgotia,,-,
236,CS238,Fundamentals of Computing and Programming in C,,"Pradip Dey, Manas Ghosh",Oxford Higher Education,,-,
237,CS239,Computer Practice- I,,"T. Jeyapoovan, Sanjay Saxena",Vikas,,-,
238,CS240,Cryptography and network security,,William stallings,Pearson Education,,-,
239,CS241,An introduction to distributed and parallel computing,,Joel M.Crichlow,Prentice hall of india,,-,
240,CS242,An introduction to distributed and parallel computing,,Joel M.Crichlow,Prentice hall of india,,-,
241,CS243,Systems Programming,,John J.Donovan,Tata McGraw-Hill Publications,,-,
242,CS245,Robotics,,"K.S.Fu,R.C.Gonzalez,C.S.G.Lee",McGraw-Hill Edition,,-,
243,CS246,Internetworking With TCP/IP,,"Douglas E.Comer,David L.Stevens",Pearson Education,,-,
244,CS247,Distributed Systems,,"George Coulouris,Jean Dollimore",Pearson Education,,-,
245,CS248,System Software,,"Leland L.Beck,D.Manjula",Pearson Education,,-,
246,CS249,Programming C#,,Jesse Liberty,Shroff Publishers &Distributers,,-,
247,CS250,Digital Design,,M.Moris Mano,Prentice-Hall of India,,-,
248,CS251,Programming In C#,,E.Balagurusamy,McGraw-Hill Publications,,-,
249,CS252,Programming With Fortran 77,,"R.S.Dhaliwal,S.K.Agarwal,S.K.Gu pta",New Age International Publishers,,-,
250,CS253,Structured COBOL Programming,,"E. Rajasekar,S. Selvi",Anuradha,,-,
251,CS254,Theory and Problems of programming  with pascal,,Byron s. Gotterfried.,Tata McGraw-Hill Edition,,-,
252,CS255,Fundamentals of Database systems,,Elmasri/Navathe,TheBenjamin/Cummings Publishing company,,-,
253,CS256,Wireless Communications and Networks,,William Stallings,Pearson Education,,-,
254,CS257,Industrial Engineering and Production Management,,Martand Telsang,S. Chand,,-,
255,CS258,Electronic communications systems,,Wayne tomasi,Pearson Educations,,-,
256,CS259,Data Structures using C++,,Varsha H.Patil,Oxford university,,-,
257,CS260,Principles Of Compiler Design,,"Alfred V.Aho,Jeffrey D.Ullman",Narosa Publishing House,,-,
258,CS261,Principles Of Compiler Design,,"Alfred V.Aho,Jeffrey D.Ullman",Narosa Publishing House,,-,
259,CS262,Computer Lab Exercises,,"G. Muneeswari,R.S. Ponmagal",Dhanam,,-,
260,CS263,Programming& Data Structures-1,,"A.P.Godse,A.A.Puntambekar",Technical publications,,-,
261,CS264,An introduction to distributed and parallel computing,,Joel M. crichlow,Prentice-Hall of India,,-,
262,CS265,The unix programming environment,,"Brian w.kernighan,Rob pike",Prentice-Hall of India,,-,
263,CS266,How To Solve It By Computer,,R.G.Dromey,Prentice Hall of India,,-,
264,CS267,Internetworking With TCP/IP,,"Douglas E.Comer,David L.Stevens",Pearson Education,,-,
265,CS268,Java Network Programming,,Elliotte Rusty Harold,Shroff Publishers &Distributers,,-,
266,CS269,Computer Programming laboratory,,"T. Sheela kumar,S.S. Sridhar",Anuradha,,-,
267,CS270,Computer Programming laboratory,,"T. Sheela kumar,S.S. Sridhar",Anuradha,,-,
268,CS271,"Introduction to Automata theory, Languages, and Computation",,"John E. Hopcroft,Rajeev Motwani,Jeffrey D. Ullman",Pearson Education,,-,
269,CS272,Electronic Communications Systems,,Wayne Tomasi,Pearson Education,,-,
270,CS273,"Introduction to Automata Theory, Languages, and Computation",,"John. E. Hopcroft,Rajeev Motwani",Pearson,,-,
271,CS274,Fundamentals of computing and programming,,"V.Ramesh
Babu,R.Samyuktha,M.Muni Rathnam",VRM  Publishers Pvt Ltd,,-,
272,CS275,Computer Practice-I,,"V.Kannan,A.Abdul Namith,V.Cyril Raj,P.K.Jawahar",Dhanam Publications,,190,
273,CS276,Fundamental Of Computing,,T.Jeyapoovan,Vikas Publishing House Pvt Ltd,,195,
274,CS277,Computer Practice,,"T.Shella Kumar,S.S.Sridhar",Anuradha Agencies,,120,
275,CS278,Discrete Mathenatics with Graph Theory and combinatorics,,T.Veerarajan,Tata McGraw-Hill Edition,,-,
276,CS279,Discrete Mathenatics with Graph Theory and combinatorics,,T.Veerarajan,Tata McGraw-Hill Edition,,-,
277,CS280,Discrete Mathenatics with Graph Theory and combinatorics,,T.Veerarajan,Tata McGraw-Hill Edition,,-,
278,CS281,Discrete mathematical structures with applications to computer science,,"J.P Tremblay,R.Manohar",Tata McGraw-Hill Edition,,-,
279,CS282,Discrete Mathenatics for computer science,,"Gary Haggard,John Schlipf,Sue whitesides",Cengage learning,,-,
280,CS283,Discrete Mathenatics with Graph Theory and combinatorics,,T.Veerarajan,Tata McGraw-Hill Edition,,-,
281,CS284,Discrete Mathenatics with Graph Theory and combinatorics,,T.Veerarajan,Tata McGraw-Hill Edition,,-,
282,CS285,Discrete mathematical structures with applications to computer science,,"J.P Tremblay,R.Manohar",Tata McGraw-Hill Edition,,-,
283,CS286,Discrete Mathenatics with Graph Theory and combinatorics,,T.Veerarajan,Tata McGraw-Hill Edition,,-,
284,CS287,Computer Network,,Dr. N. Jayaprakash,Anuradha,,-,
285,CS289,Fundamentals of Database systems,,Elmasri/Navathe,Addison wesley,,-,
286,CS290,Programming In C#,,E.Balagurusamy,McGraw-Hill Publications,,-,
287,CS291,Computer basics and C,,V.Rajaraman,PHI Learning Pvt Ltd,,-,
288,CS292,Data Structures and Algorithm Analysis in C,,Mark Allen Weiss,Pearson Education,,-,
289,CS293,Computer Algorithms / C++,,"Ellis Horowitz, Sartaj Sahni",Universities Press,,-,
290,CS294,Digital Computer Fundamentals,,S. Poornachandra,Tata McGraw Hill,,-,
291,CS295,Computer Programming,,Ashok N.Kamthane,Pearson Educations,,-,
292,CS296,Programming in C#,,Barbara Doyle,Cengage learning,,-,
293,CS297,Digital Fundamentals,,Floyd & Jain,Pearson Education,,-,
294,CS298,Numerical Methods,,J.S. Chitode,Technical,,-,
295,CS299,JAVA,,Prof D. Shanmugam,-,,-,
296,CS300,Computer Fundamentals And Programming In C,,"Anitha Goel,Ajay Mittal",Pearson Education,,-,
297,CS301,Web Technologies,,Uttam K. Roy,Oxford Higher Education,,-,
298,CS302,Database system concpets,,"Abraham Silberscahatz,Henry F Korth,S.Sudarshan",McGraw-Hill Edition,,-,
299,CS303,Metrics And Models In Software Quality Engineering,,Stephen H.Kan,Pearson Education,,-,
300,CS304,Theoretical Foundations Of Computer Science,,J.Sakthivel,Suchitra Publications,,-,
301,CS305,Object Oriented Analyses and Design,,J.Avanja,Anuratha publication,,-,
302,CS306,Data Structures,,"T. Sheela, N. Susila",Anuradha,,-,
303,CS307,Foundation of Software Testing,,Aditya P. Mathur,Pearson Education,,-,
304,CS308,Developing Applications Using ASP. NET and Oracle,,Pranab Kumar Das Gupta,Prentice Hall India,,-,
305,CS309,Database Systems,,S.K. Singh,Pearson Education,,-,
306,CS310,Distributed Computing,,"Sunitha Mahajan,Seema Shah",Oxford university Press,,-,
307,CS311,Software Engineering,,Deepak Jain,Oxford Higher Education,,-,
308,CS312,Grid Computing,,"Joshy Joseph,Craig fellenstein",Pearson Education,,-,
309,CS313,Fundamentals of computing and programming,,"V.Ramesh
Babu,R.Samyuktha,M.Muni Rathnam",VRM  Publishers Pvt Ltd,,-,
310,CS314,Software Quality,,Alan C Gillies,Cengage learning,,-,
311,CS315,Programming c# 3.0,,Jesse liberty and Donald xie,Shroff publishers,,-,
312,CS316,A Text Book Of Engineering Mathematics,,"Dr.P.N.Ramachandran,R.Kumar",Madhukaa Publishers,,,
313,CS317,Environmental Science And Engineering,,"Anubha Kaushik ,C.P.Kaushik",New Age International Publishers,,,
314,CS318,Essentials of Management,,"Harold Koontz,Heinz Weihrich",Tata Mcgraw Hill,,-,
315,CS319,Cryptography and network security,,William stallings,pearson Education,,-,
316,CS320,Communication Electronics,,"N D Deshpande,D A Deshpande",Tata McGraw Hill,,-,
317,CS321,Numerical Methods,,"P. Kandasamy,K.Thilagavathy,K. Gunavathi",S. Chand,,-,
318,CS322,Management Information Systems,,"Gordon B. Davis,Margrethe H. Olson",McGraw Hill,,-,
319,CS323,Ethics In Engineering,,"Mike W.Martin,Roland Schinzinger",Tata McGraw –Hill Publishing Company Limited,,-,
320,CS324,Programming with Fortran 77,,Ram Kumar,Tata McGraw –Hill Publishing Company Limited,,-,
321,CS325,IBM PC and Clones,,B.Govindarajalu,Tata McGraw –Hill Publishing Company Limited,,-,
322,CS326,Digital Electronics,,William H. Gothmann,Prentice Hall India,,-,
323,CS327,Control Systems Engineering,,"I.J. Nagrath,M. Gopal",New Age,,-,
324,CS328,Engineering Economics and Management,,Dr. R. Jayaraman,Ajay,,-,
325,CS329,Communication Electronics,,"N D Deshpande,D A Deshpande",Tata McGraw Hill,,-,
326,CS330,Object oriented Systems Development,,Ali Bahrami,McGrawHill,,-,
327,CS331,Computer Programming,,Ashok N. Kamthane,Pearson,,-,
328,CS332,Microprocessors,,"A.P. Godse,D. A. Godse",Technical,,-,
329,CS333,Programming with ANSI C++,,Bhushan Trivedi,Oxford Higher Education,,-,
330,CS334,Accounting and Financial Management,,T. Ramachandran,Scitech,,-,
331,CS335,Engineering Mathematics –III,,Dr. P. N. Ramachandran,Ajay,,-,
332,CS336,Ethics in Engineering,,"Mike W. Martin,RolandSchinzinger",Tata McGraw Hill,,-,
333,CS337,Analog and Digital Communication,,"K. Muralibabu,L Agilandeeswari",A.R.S.,,-,
334,CS338,Control Systems Engineering,,"I.J.Nagrath,M.Gopal",New Age International Publishers,,-,
335,CS339,Engineering Economics And Management,,P.N.Kaliyaperumal,Madhukaa Publishers,,-,
336,CS340,Engineering Mathematics VolumeIII,,"P.Kandasamy,K.Thilagavathy,K.G unathy",S.Chand,,-,
337,CS341,Fundamentals Of Electrical Engineering And Electronics,,B.L.Theraja,S.Chand,,-,
338,CS342,Engineering Economics And Financial Accounting,,"A.Ramachandra Aryasri,VV.Ramana Murthy",Tata McGraw- Hill,,-,
339,CS343,Engineering Economics And Financial Accounting,,"A.Ramachandra Aryasri,VV.Ramana Murthy",Tata McGraw- Hill,,-,
340,CS344,Computer Graphics  C  Version,,"Donald Hearn,M.Pauline Baker",Pearson,,-,
341,CS345,Electronic Devices and circuits,,J. B. Gupta,Katson Books,,-,
342,CS346,Microcomputer Systems:The 8086/8088 family,,"Yu-cheng Liu,Glenn A. Gibson",Prentice Hall India,,-,
343,CS347,Communication Electronics,,"N D Deshpande,D A Deshpande",Tata McGraw Hill,,-,
344,CS348,Introduction to Operations Research,,Billy E. Gillett,Tata McGraw Hill,,-,
345,CS349,Introduction to Operations Research,,Billy E. Gillett,Tata McGraw Hill,,-,
346,CS350,A Textbook of Engineering Graphics,,K.V. Natarajan,Dhanalakshmi,,-,
347,CS351,Digital Logic and Computer Design,,M. Morris Mano,Prentice Hall India,,-,
348,CS352,Management Information Systems,,"Gordon B. Davis,Magrethe H. Olson",McGraW Hill,,-,
349,CS353,Computer Architecture and Parallel Processing,,Faye A. Briggs,McGraW Hill,,-,
350,CS354,Engineering Economics and management,,Dr. P.N. kaliyaperumal,Madhukka,,-,
351,CS355,Industrial Safety and Environment Engineering,,S.C. Sharma,Technical Publication,,-,
352,CS356,Industrial Safety and Environment Engineering,,S.C. Sharma,Technical Publication,,-,
353,CS357,Communication Electronics,,"N.D.Deshpande,D.A Deshpande,P.K Rangole",Tata McGraw –Hill Publishing Company Limited,,-,
354,CS358,Management Information Systems,,W.S.Jawadekar,Tata McGraw –Hill Publishing Company Limited,,-,
355,CS359,Principles Of Environmental Science And Engineering,,"M.Sivakumar,R.Saravanan",Lakshmi Publications,,110,
356,CS360,Environmental Science And Engineering,,D.Sivakumar,Ajay Agencies,,195,
357,CS361,Engineering Mathematics -III,,N.Subramaniam,SCM Publishers,,-,
358,CS362,Management Economics,,D.N.Dwivedi,Vikas Publishers,,-,
359,CS363,"Probability,Statistics and random Processes",,T.Veerarajan,Tata McGraw –Hill Publishing Company Limited,,-,
360,CS364,Numerical Methods,,"P. Kandasamy,K. Thilagavathy,K. Gunavathi",S. Chand,,-,
361,CS365,Engineering Mathematics-II,,N. Subramaniyan,Scitech,,-,
362,CS366,Engineering Mathematics- III,,Dr. P. N. Ramachandran,Ajay,,-,
363,CS367,Electronic Circuits,,"A.P. Godse,U.A. Bakshi",Technical,,-,
364,CS368,"Probability, Statistics and random process",,T. Veerarajan,Tata McGraw Hill,,-,
365,CS369,Computer Algorithms,,"Saara Baase,Allen Ver Gelder",Pearson,,-,
366,CS370,Electrical Engineering & Control Systems,,"U. A. Bakshi,D.A. Bakshi",Technical,,-,
367,CS371,Computer Graphics,,"Donald Hearn,M. Pauline Baker",Prentice Hall India,,-,
368,CS372,Manegerial Economics,,"R.L. Varhney,K.L. Maheshwari",Sultan Chand and sons,,-,
369,CS373,Distributed Systems,,"George Coulouris, Jean Dollimore, Tim Kindberg",Pearson,,-,
370,CS374,Electric Circuits,,"R. Muthusubramanian,K. Ayyappan",Gemini,,-,
371,CS375,Industrial Robotics,,"Mikell P. Groover,Mitchell
Weiss,Roger N. Nagel,Nicholas G. Odrey",McGraw Hill,,-,
372,CS376,Engineering Mathematics,,A.    Singaravelu,Meenakshi Publications,,-,
373,CS377,Computer Graphics,,"Donald Hearn,M. Pauline Baker",Prentice Hall India,,-,
374,CS378,"Probability, Statistics and random Process",,T. Veerarajan,Tata McGraw Hill,,-,
375,CS379,Fundamentals of Computing,,E Balagurusamy,McGraw Hill,,-,
376,CS380,Fundamentals of Computing,,T. Jeyapoovan,Vikas,,-,
377,CS381,Electronic Devices and Circuits,,"S. Salivahanan,N Suresh Kumar,A Vallavaraj",Tata McGraw Hill,,-,
378,CS382,Microprocessors and Microcomputer-based System Design,,Mohamed Rafiquzzaman,Universal Book Stall,,-,
379,CS383,Digital Instrumentation,,A.    J. Bouwens,Tata McGraw Hill,,-,
380,CS384,Total Quality Management,,Besterfield et. al.,Pearson Education,,-,
381,CS385,Electron Devices and Circuits,,G. Nagarajan,Lakshmi Publications,,-,
382,CS386,Database Systems,,"Elmasri, Navathe","The Benjamin/ Cummings Publishing Company, Inc",,-,
383,CS387,Computer Programming,,Ashok.N.Kamthane,Pearson,,-,
384,CS388,Total quality management,,"Dale H.Besterfield,Carol besterfield-Michna",Pearson Education,,-,
385,CS389,Data Structures and Algorithm Analysis in C,,Mark Allen Weiss,Pearson Education,,-,
386,CS390,Digital Technology,,S.Ramalatha,Lakshmi publications,,-,
387,CS391,Computer organization,,"Carl Hamacher, Zvonko vranesic,safwat zaky",McGraw- Hill,,-,
388,CS392,"Solved University question papers, Engineering Mathematics",,A.Singaravelu,Meenakshi publications,,-,
389,CS393,"Basic Electrical, Electronics and Computer Engineering",,R. Muthusubramanian,Tata McGraw Hill,,-,
390,CS394,Design & Analysis of Algorithm,,A.A. puntambekar,Technical,,-,
391,CS395,Management Information Systems,,"Gordon B. Davis,Margrethe H. Olson",McGrawHill,,-,
392,CS396,Introduction to PASCAL,,"Jim Welsh ,John Elder",Prentice Hall India,,-,
393,CS397,Engineering Mathematics Vol-II,,"P. Kandasamy,K. Thilagavathy,K. Gunavathy",S. Chand,,-,
394,CS398,Microprocessors and Interfacing,,Douglas V. Hall,Tata McGraw Hill,,-,
395,CS399,Computer Architecture and Logic Design,,Thomas C. Bartee,McGraw Hill,,-,
396,CS400,Electronic Devices And Circuits,,G.K.Mithal,Khanna Publishers,,135,
397,CS401,Computer Organization,,"Carl Hamacher,Zvonko Vranesic,Safwat Zaky",McGraw –Hill Publishers,,-,
398,CS402,Solution On Problems In Circuit Theory,,R.Srinivasan,Priya Pathippaham Publishers,,99,
399,CS403,Linear Integrated Circuits,,G.Nagarajan,Lakshmi Publications,,105,
400,CS404,Linear Integrated Circuits,,"D.Roy Choudhury,Shail Jain",New Age International Publishers,,-,
401,CS405,Discrete –Event System Simulation,,"Jerry Banks,John S.Carson,II Barry L.Nelson",Prentice Hall of India,,-,
402,CS406,Enterprise Resource Planning,,Alexis Leon,Tata McGraw –Hill Publishing Company Limited,,-,
403,CS407,"Microprocessor Architecture, Programming, and Applications with the 8085",,Ramesh Goankar,Penram International,,-,
404,CS408,Digital Computer Electronics,,"Malvino,Brown",Tata Mcgraw Hill,,-,
405,CS409,Computer Algoritms / C++,,"Ellis Horowitz,Sartaj Sahni,Sanguthevar Rajasekaran",University Press,,-,
406,CS410,Object oriented programming in Turbo C++.,,Robert Lafore,Galgotia,,-,
407,CS411,Computer Architecture and Parallel Processing,,Faye A. Briggs,McGraw Hill,,-,
408,CS413,Engineering Mathematics,,"Dr. P. N. Ramachandran,R. Kumar",Madhukka,,-,
409,CS414,"Probability, Statistics and Random Process",,T Veerarajan,Tata McGraw Hill,,-,
410,CS415,Management Information Systems,,W S Jawadekar,Tata McGraw Hill,,-,
411,CS416,Control Systems Engineering,,"I.J. Nagrath,M. Gopal",New Age,,-,
412,CS417,Electrical Engineering,,"S. Rajasekar,A. Moses",John,,-,
413,CS418,Microprocessors and Interfacing,,Douglas V. Hall,Tata McGraw Hill,,-,
414,CS419,Industrial Engineering and Management,,O.P. Khanna,Dhanpat Rai Publication,,-,
415,CS420,The Intel Microprocessors,,Barry B.Brey,Pearson Education,,-,
416,CS421,Computer Programming,,Ashok N.Kamthane,Pearson Education,,-,
417,CS422,Fundamentals of Programming Languages,,Ellis Horowitz,Galgotia Publications,,-,
418,CS423,Object oriented Programming with C++,,E.Balagurusamy,Tata McGraw –Hill Publishing Company Limited,,-,
419,CS424,Fundamentals of Computing And Programming,,E.Balagurusamy,Tata McGraw –Hill Publishing Company Limited,,-,
420,CS425,Programming With ANSI C++,,Bhushan Trivedi,Oxford University Press,,-,
421,CS426,Management Information Systems,,W.S.Jawadekar,Tata McGraw –Hill Publishing Company Limited,,-,
422,CS427,Digital Electronics,,William H.Gothmann,Prentice Hall of India,,110,
423,CS428,Microprocessor & Applications,,"A.P. Godse,D.A. Godse",Technical,,-,
424,CS429,Database System Concepts,,"Abraham Silberschatz,Henry F. Korth,S. Sudarsan",McGraw Hill,,-,
425,CS430,Electrical Engineering & Control Systems,,"U.A Bakshi,V. U. Bakshi",Technical,,-,
426,CS431,Engineering Mathematics,,"Dr. P. N. Ramachandran,R. Kumar",Madhukka,,-,
427,CS432,Microprocessors and Microcomputer-based System Design,,Mohamed Rafiquzzaman,Universal Book Stall,,-,
428,CS433,Computer Architecture and parallel processing,,Faye A.Briggs,McGrawHill,,-,
429,CS434,Electronic Communications Systems,,Wayne Tomasi,Pearson Education,,-,
430,CS435,Cryptography And Network Security,,William Stallings,Pearson Education,,-,
431,CS436,Total Quality Management,,"Dale H.Besterfield,Carol
Besterfield-Michna,Glen Besterfield,Mary Besterfield-Sacre",Pearson Education,,-,
432,CS437,Electrical Engineering & Control Systems,,"Uday A.Bakshi,Ajay V.Bakshi",Techinical Publications,,-,
433,CS438,Engineering Mathematics,,"P.N.Ramachandran,R.Kumar",Madhukaa Publishers,,-,
434,CS439,Electronic Communication Systems,,George Kennady,Tata McGraw –Hill Publishing Company Limited,,-,
435,CS440,A Text Book Of Electrical Technology,,"B.L.Theraja,A.K.Theraja",S.Chand & Company Ltd,,-,
436,CS441,Linear Integrated Circuits,,G.Nagarajan,Lakshmi Publications,,-,
437,CS442,Software Engineering,,Roger S.Pressman,McGraw –Hill Publishers,,-,
438,CS443,Electronic Circuit Theory,,"M.Arumugam,N.Premakumaran",Khanna Publishers,,55,
439,CS444,Engineering Economics and management,,Dr. R. Jayaraman,Ajay,,-,
440,CS445,Theory Of Computation,,A.A.Puntambekar,Technical Publications,,399,
441,CS446,Communication Systems,,Simon Haykin,John Wiley & Sons,,-,
442,CS447,Essentials Of Management,,"Harold Koontz,Heinz Weihrich",Tata McGraw –Hill Publishing Company Limited,,-,
443,CS448,The Intel Microprocessors,,Barry B.Brey,Pearson Education,,-,
444,CS449,Java 2 The Complete Reference,,Herbert Schildt,Tata McGraw –Hill Publishing Company Limited,,-,
445,CS450,Distributed Systems,,"George Coulouris,Jean Dollimore,Tim Kindberg",Pearson Education,,-,
446,CS451,Mobile Computing,,"K. Muralibabau,L. Agilandeeswari,K. Vinothbabu",Lakshmi,,-,
447,CS452,Quantitative Aptitude,,Dr. R.S. Aggarwal,S. Chand & Company Pvt. Ltd,,-,
448,CS453,Computer Programming,,E. Balagurusamy,McGraw Hill Education,,-,
449,CS454,Computer Programming,,Dr. A. Kannan,UG Publishers,,-,
450,CS455,Computer Programming,,Dr. A. Kannan,UG Publishers,,-,
451,CS456,Transforms and Partial Differential Equations,,N.Subramaniam,SCM Publisher,,-,
452,CS457,Probability & Queuing theory,,N.Subramaniam,SCM Publisher,,-,
453,CS458,compilers,,"Alfred V.Aho, Monica S. Lam, Ravi Sethi, Jeffrey D.Ullman",Pearson Education,,-,
454,CS459,compilers,,"Alfred V.Aho, Ravi Sethi, Jeffrey D.Ullman",Pearson Education,,-,
455,CS460,compilers,,"Alfred V.Aho, Monica S. Lam, Ravi Sethi, Jeffrey D.Ullman",Pearson Education,,-,
456,CS461,Artificial Intelligence,,"Stuart Russel, Peter Norvig",Prentice Hall,,-,
457,CS464,compilers,,"Alfred V.Aho, Monica S. Lam, Ravi Sethi, Jeffrey D.Ullman",Pearson Education,,-,
458,CS465,System Software,,"Leland L.Beck,D.Manjula",Pearson Education,,-,
459,CS466,"Automata Theory, Languages, and Computation",,"John E. Hopcroft,Rajeev Motwani,Jeffrey D. Ullman",Pearson Education,,-,
460,CS467,Software Engineering,,Roger S.Pressman,Tata McGraw-Hill,,-,
461,CS468,Object Oriented Analysis & Design,,A.A Puntambekar,Technical Publications,,-,
462,CS469,Computer Graphics  C  Version,,"Donald Hearn, M.Pauline Baker",Pearson Education,,-,
463,CS470,compilers,,"Alfred V.Aho, Monica S. Lam, Ravi Sethi, Jeffrey D.Ullman",Pearson Education,,-,
464,CS471,Multimedia System Design,,"Prabhat K. Andleigh, Kiran Thakrar",Prentice Hall of India,,-,
465,CS472,Computer Graphics  C  Version,,"Donald Hearn , M. Pauline Baker",Pearson Education,,-,
466,CS473,Computer Architecture,,"M.Vengatesan, P. Meenakshi Devi",A. R. Publications,,-,
467,CS474,Elements of Data Communications and Networks,,S.A. Amutha Jeevakumari,University Science Press,,-,
468,CS475,Online Real Time Systems,,-,-,,-,
469,CS476,Programming With ANSI C++,,Bhushan Trivedi,Oxford University Press,,-,
470,CS477,Electronic Communications Systems,,Wayne Tomasi,Pearson Education,,-,
471,CS478,Object Oriented Analysis & Design,,A.A. puntambekar,Technical Publications,,-,
472,CS479,Object Oriented Analysis & Design,,V. Vimala,Sree Magnus Publication,,-,
473,CS480,"Automata Theory, Languages, and Computation",,"John E. Hopcroft,Rajeev Motwani,Jeffrey D. Ullman",Pearson Education,,-,
474,CS481,Win Guide,,ARS,ARS Publication,,-,
475,CS482,Computer Programming,,T. Jayapoovan,Vikars Publishing House P.Ltd,,-,
476,CS483,Data Structures and program design in C,,"Robert Kruse, C.L. Tonalo, Bruce Leung",Prentice Hall,,-,
477,CS484,Operation Research,,Hamaly A. Taha,Prentice Hall,,-,
478,CS485,Visual C++6,,John Paul Mueller,TATA MCGRAW HILL,,-,
479,CS486,Computer Communication Networks,,"Godbole, Kahate",TATA MCGRAW HILL,,-,
480,CS487,Network Programming and Management,,"Bagad, Dhotre",Technical Publication,,-,
481,CS488,Fundamental of Logic Design,,Charles H.Roth,Thomson Brooks/Cole,,-,
482,CS489,Software Testing,,"Desikan, Ramesh",Pearson Education,,-,
483,CS490,Computer Architecture and Organization,,B. Govindarajalu,TATA MCGRAW HILL,,-,
484,CS491,SQL Forms- Designer's Reference,,ORACLE Team,ORACLE,,-,
485,CS492,"Operating Systems- windows, DOS&OS/2",,"Mehta, Bangia",Wheeler Publication,,-,
486,CS493,Professional Ethics,,"Dr. K.R.Govindan, S. Senthil Kumar",Anuradha Agencies,,-,
487,CS494,Compiler Design,,S. saranya,Suchitra Publications,,-,
488,CS495,Digital Signal Processing,,"L. Gopinath, S. Kanimozhi",Lakshmi Publications,,-,
489,CS496,Design and Analysis of Algorithm,,K.Brindha,Suchitra Publications,,-,
490,CS497,C# and .Net Programming,,N. Rajganesh,Suchitra Publications,,-,
491,CS498,Data Warehousing and Mining,,"R.Ruhin Kouser, B. Gunasundari",Lakshmi Publications,,-,
492,CS499,Computer Architecture,,S. Kanimozhi,Suchitra Publications,,-,
493,CS500,Programming and Data Structures - I,,S. saranya,Lakshmi Publications,,-,
494,CS501,Digital Principles and System Design,,L. Gopinath,ARS Publication,,-,
495,CS502,Design and Analysis of Algorithm,,A.A.Puntambekar,AR Publication,,-,
496,CS503,Compiler Design,,K. Krishna Kumari,ARS Publication,,-,
497,CS504,Software Engineering,,J. Daphney Joann,AR Publication,,-,
498,CS505,Operating Systems,,R.Ruhin Kouser,AR Publication,,-,
499,CS506,Parallel Computing,,Michael J. Quinn,TATA MCGRAW HILL,,-,
500,CS507,Problems in Operations Research,,"P.R. Gupta, D.S. Hira",S. Chand & Company Ltd,,-,
501,CS508,UML Distilled,,"Booch, Jacobson, Rumbaugh",Pearson Education,,-,
502,CS509,Management Accounting,,"R. Ramachandran, R.Srinivasan",Sriram Publications,,-,
503,CS510,Emdedded Systems,,Raj Kamal,TATA MCGRAW HILL,,-,
504,CS511,Programming and Logic Design,,Joyce Farrell,Thomson Learning,,-,
505,CS512,Data Communication and Computer Networks,,Brinjendra Singh,Pearson Education,,-,
506,CS513,Oracle8 Database Development,,David Lockman,SAMS Publishing,,-,
507,CS514,Inside CORBA,,"Thomas J. Mowbray, William A. Ruh",Pearson Education,,-,
508,CS515,Grid Computing,,"Joshy Joseph, Craig Fellenstein",Pearson Education,,-,
509,CS516,Managing Global Software Projects,,Gopalaswamy Ramesh,TATA MCGRAW HILL,,-,
510,CS517,The Management and Control of Quality,,"James R. Evans, William M. Lindsay",Thomson South-Western,,-,
511,CS518,Developing Client/Server Applications with Oracle,,Paul Hipsley,SAMS Publishing,,-,
512,CS519,Introduction to Information Technology,,ITL Team,ITL Education Solutions Ltd,,-,
513,CS520,Computer Networking,,"James F. Kurose, Keith W. Ross",Pearson Education,,-,
514,CS521,Modern Database Management,,"Jeffrey A. Hoffer, Mary B. Prescott",Pearson Education,,-,
515,CS522,Programming with Java 2-A primer,,E. Balagurusamy,TATA MCGRAW HILL,,-,
516,CS523,OCP Oracle DBA,,Willard Baird II,Techmedia,,-,
517,CS524,An Integrated Approach to Software Engineering,,Pankaj Jalote,Narosa Publishing House,,-,
518,CS525,Parallel Computing,,Moreshwar R. Bhujade,New Age International Publishers,,-,
519,CS526,Principles of Neurocomputing for Science & Engineering,,"Fredric M. Ham, Ivica Kostanic",TATA MCGRAW HILL,,-,
520,CS527,Management Information System,,W S Jawadekar,TATA MCGRAW HILL,,-,
521,CS528,Professional Ethics,,"Dr. K.R.Govindan, S. Senthil Kumar",Anuradha Agencies,,-,
522,CS529,MPLS and VPN Architectures,,"Ivan Pepelnjak, Jim Guichard",Pearson Education,,-,
523,CS530,Accounting Information Systems,,"Gelinas, Sutton, Oram",South-Western College Publishing,,-,
524,CS531,Operating Systems,,"Godbole, Kahate",TATA MCGRAW HILL,,-,
525,CS532,Advanced Compiler Design Implementation,,Steven S. Muchnick,Harcourt Asia PTE Ltd,,-,
526,CS533,Digital Computer Fundamentals,,"V. Ramesh Babu, R. Samyuktha",VRB Publishers,,-,
527,CS534,An Introduction to Distributed and Parallel Computing,,Joel M. Crichlow,Prentice Hall,,-,
528,CS535,Database Management Systems,,"Subhash Mehta, Ramesh Bangia",Wheeler Publication,,-,
529,CS536,Database Management Systems,,R. Panneerselvam,Prentice Hall,,-,
530,CS537,CMMI Guidelines for Process Integration and Product Improvement,,"Mary Beth Chrissis, Mike Konrad",Pearson Education,,-,
531,CS538,Core Java 2 Vol-2,,"Cay S. Horstmann, Gary Cornell",Pearson Education,,-,
532,CS539,Computer Graphics  C  Version,,"Donald Hearn, M. Pauline Baker",Pearson Education,,-,
533,CS540,Web Technology,,A.A. puntambekar,Technical Publication,,-,
534,CS541,Operating System,,I.A. Dhotre,Technical Publication,,-,
535,CS542,Advance Microprocessors and Peripherals,,"A k Ray, K M Bhurchandi",TATA MCGRAW HILL,,-,
536,CS543,Data Mining,,"Jiawei Han, Micheline Kamber",Elsevier,,-,
537,CS544,Computer Graphics,,"A.P. Godse, D.A. Godse",Technical Publication,,-,
538,CS545,Grid and Cluster Computing,,C.S.R. Prabhu,PHI Learning Pvt Ltd,,-,
539,CS546,Essentials Of TCP/IP,,G. Shanmugarathinam,University Science Press,,-,
540,CS547,Electrical Power Systems Quality,,"Roger C.Dugan, Mark F. McGranaghan",TATA MCGRAW HILL,,-,
541,CS548,Mobile Communications Engineering,,William C.Y. Lee,TATA MCGRAW HILL,,-,
542,CS549,"Introduction to Automata Theory, Languages, and Computation",,"John E. Hopcroft,Rajeev Motwani,Jeffrey D. Ullman",Pearson Education,,-,
543,CS551,Data Structures and Algorithm Analysis in C,,Mark Allen Weiss,Pearson Education,,-,
544,CS552,Electronic Communications Systems,,Wayne Tomasi,Pearson Education,,-,
545,CS553,Electronic Communications Systems,,Wayne Tomasi,Pearson Education,,-,
546,CS554,Electronic Devices And Circuits,,"Jacob Millman, Christos C Halkias, Satyabrata Jit",TATA MCGRAW HILL,,-,
547,CS555,Probability and Queuing Theory,,N. Subramaniam,SCM Publisher,,-,
548,CS556,The C Programming Language,,"Brian w.kernighan, Dennis M. Ritchie",PHI Learning Pvt Ltd,,-,
549,CS557,Computer Programming,,Ashok N. Kamthane,Pearson Education,,-,
550,CS558,Web Technology,,"N. P. Gopalan, J. Akilandeswari",PHI Learning Pvt Ltd,,-,
551,CS559,Computer Fundamentals And Programming In C,,"Anitha Goel,Ajay Mittal",Pearson Education,,-,
552,CS560,Object-Oriented Programming with C++,,E. Balagurusamy,TATA MCGRAW HILL,,-,
553,CS561,Operating System Concepts,,"Silbershat, Galvin, Gagne",John Wiley & Sons,,-,
554,CS562,Course Guide: C++,,SRM Infotech Team,SRM Infotech,,-,
555,CS563,Course Guide: C,,SRM Infotech Team,SRM Infotech,,-,
556,CS564,Course Guide: C,,SRM Infotech Team,SRM Infotech,,-,
557,CS565,Teach Yourself C++,,Jesse liberty and Bradley Jones,Pearson Education,,-,
558,CS566,Computer Architecture,,"A.P. Godse, D.A. Godse",Technical Publication,,-,
559,CS567,Computer Architecture,,"M. Venkatesan, P. Meenakshi Devi",AR Publication,,-,
560,CS568,Advanced Computer Architecture,,I.A. Dhotre,Technical Publication,,-,
561,CS569,Mobile Computing,,V. Jeyasri Arokiamary,Technical Publication,,-,
562,CS570,Advanced Computer Architecture,,I.A. Dhotre,Technical Publication,,-,
563,CS571,Microprocessors and Microcontrollers,,"D. Venkata Vara Prasath, K.R.
Sarath Chandran, J.S. Leena Jasmine",Sree Magnus Publication,,-,
564,CS572,Digital Design,,"M. Morris Mano, Michael D. Ciletti",Pearson Education,,-,
565,CS573,System Software,,"Leland L.Beck,D.Manjula",Pearson Education,,-,
566,CS574,Compilers,,"Alfred V. Aho, Monica S. Lam, Ravi Sethi, Jeffrey D. Ullman",Pearson Education,,-,
567,CS575,Digital Design,,"M.Morris,Michael D.Ciletti,John F.Wakerly",Pearson Education,,-,
568,CS576,Data Interpretation &Data Sufficiency,,Ananta Ashisha,Axiom Academy,,-,
569,CS577,Data Interpretation &Data Sufficiency,,Ananta Ashisha,Axiom Academy,,-,
570,CS578,Quantitative Aptitude Book2,,Axiom,Axiom Academy,,-,
571,CS579,Quantitative Aptitude Book2,,Axiom,Axiom Academy,,-,
572,CS580,Quantitative Aptitude Book2,,Axiom,Axiom Academy,,-,
573,CS582,Quantitative Aptitude Book2,,Axiom,Axiom Academy,,-,
574,CS583,Quantitative Aptitude Book2,,Axiom,Axiom Academy,,-,
575,CS584,Quantitative Aptitude Book2,,Axiom,Axiom Academy,,-,
576,CS585,Quantitative Aptitude Book2,,Axiom,Axiom Academy,,-,
577,CS586,Quantitative Aptitude Book2,,Axiom,Axiom Academy,,-,
578,CS587,Quantitative Aptitude Book2,,Axiom,Axiom Academy,,-,
579,CS588,Quantitative Aptitude Book2,,Axiom,Axiom Academy,,-,
580,CS589,Quantitative Aptitude Book2,,Axiom,Axiom Academy,,-,
581,CS590,Quantitative Aptitude Book2,,Axiom,Axiom Academy,,-,
582,CS591,Quantitative Aptitude Book2,,Axiom,Axiom Academy,,-,
583,CS592,Marangalum Thiruththalangalum,,Dr.S.Tamilrasan,Kurinji Publication,,-,
584,CS593,Oru Indianin Airopiya Anubhavam,,Dr.S.Tamilrasan,Kurinji Publication,,-,
585,CS594,Computer Science and Engineering  (I Year),,-,Pratheeba Publication,,-,
586,CS595,A TextBook Of Digital Electronics,,R.S.Sedha,S.Chand &Company LTD.,,-,
587,CS596,Digital Design,,M.Morris Mano,Prentice- Hall of India,,-,
588,CS597,Electronic Devices And Circuits( vol-I),,G.K.Mithal,Khanna Publishers,,-,
589,CS598,Biomedical Instrumentation,,Dr.M.Arumugam,Anuradha Agencies publishers,,-,
590,CS599,Electronic Devices,,K.S.Srinivasan,Anuradha Agencies publishers,,-,
591,CS600,Digital Systems principles & design,,Raj Kamal,Pearson education,,-,
592,CS601,Field Theory,,"K.A.Gangadhar,P.M.Ramanathan",Khanna Publishers,,-,
593,CS602,Transmission Lines And Network,,Umeah Sinha,Tech India Publication,,-,
594,CS603,King's Personneal Management &Industrial Relations,,"Dr.M.M.Varma , R.K.Aggarwal",King* Books,,-,
595,CS604,Engineering Electromagnetic(Field Theory),,Dr.P.Dananjayan,Lakshmi Publications,,-,
596,CS605,Digital Electronics,,William H.Gothmann,Prentice-Hall of India,,-,
597,CS606,Digital Electronics,,Prof. B.N.Yoganarasimhan,Shiva Book Centre,,-,
598,CS607,Elements of Engineering Electromagnetics,,Nannapaneni Narayana Rao,Prentice-Hall of India,,-,
599,CS608,Introductory Course In Electromagnetics Fields,,P.V.Gupta,Dhanpat Rai Publication,,-,
600,CS609,Signals And Systems,,Sanjay sharma,S.K.Kataria & sons,,-,
601,CS610,Signals And Systems,,S.P.Eugene Xavier,S.Chand & Company Ltd,,-,
602,CS611,Signals And Systems,,S.Batmavady Girivasan,Hi-Tech Publication,,-,
603,CS612,Modern Digital Signal Processing,,Prabhakar S Naidu,Narosa Publishing House,,-,
604,CS613,Wireless Communications and Networks,,William Stallings,Pearson education,,-,
605,CS614,"Microprocessor Architecture, Programming, and Applications with the 8085",,Ramesh Gaonkar,Penram International Publications,,-,
606,CS615,Electronics Devices And Circuits,,S Rama Reddy,Narosa Publishing House,,-,
607,CS616,Network Analysis And Synthesis,,"A Sudhakar , Shyammohan  S Palli",Tata McGraw-Hill Publishing company Limited,,-,
608,CS617,Office Management,,Prasanta K.Ghosh,Sultan Chand and sons,,-,
609,CS618,Signals And Systems,,M.J.Roberts,Tata McGraw-Hill Publishing company Limited,,-,
610,CS619,Communication Theory And Systems,,K.S.Srinivasan,Anuradha Agencies,,-,
611,CS620,Digital Signal Processing,,M.S.Abdaheer,Lakshmi Publications,,150,
612,CS621,Engineering Network Analysis and Filter Design,,"Gopal G.Bhise,Prem R.Chadha",Umesh Publications,,250,
613,CS622,Engineering Electromagnetic,,"William H.Hayt,Jr.John A.Buck",Tata McGraw-Hill Publishing company Limited,,-,
614,CS623,Digital Signal Processing,,C.Ramesh Babu Durai,Laxmi publications private limited,,170,
615,CS624,Electronic Communication,,"Lloyo Temes,Mitchel E.Schultz",Tata McGraw-Hill Publishing company Limited,,-,
616,CS625,Signals And Systems,,Hwei.P.HSU,Tata McGraw-Hill Publishing company Limited,,-,
617,CS626,Theory and problems of Electromagnetics,,Joseph A.Edminister,Tata McGraw-Hill Edition,,-,
618,CS627,Engineering Circuit Analysis,,"Whhayt,J E Kemmerly S M Durbin",Tata McGraw-Hill Publishing company Limited,,-,
619,CS628,Oru Indianin Airopiya Anubhavam,,Dr.S. TamilArasan,Kurinji Publication,,-,
620,CS629,Oru Indianin Airopiya Anubhavam,,Dr.S. TamilArasan,Kurinji Publication,,-,
621,CS630,Oru Indianin Airopiya Anubhavam,,Dr.S. TamilArasan,Kurinji Publication,,-,
622,CS631,Control Systems,,A.Nagoor Kani,RBA Publication,,200,
623,CS632,Modern Television Practice,,R.R.Gulati,New Age International Publishers,,-,
624,CS633,Telecommunication Switching Principles,,M.T.Hills,-,,-,
625,CS634,Computer Networks,,"V.S.Bagad,I.A.Dhotre",Technical Publications,,340,
626,CS635,Data structures using C,,"Aaron M.Tenenbaum,Yedidyah Langsam,Moshe J.Augenstein",Pearson education,,-,
627,CS636,Data Structures and  Algorithm Analysis in C,,Mark Allen Weiss,Pearson education,,-,
628,CS637,Computer Networks,,"Nithyanandam,Grace Mary,Eswari",,,-,
629,CS638,Computer Networks,,"V.S.Bagad,I.A.Dhotre",Technical Publications,,350,
630,CS640,Computer Networks,,"V.S.Bagad,I.A.Dhotre",Technical Publications,,285,
631,CS641,Engineering Mechanics,,"Dr.S.Dinesh Kumar,Dr. G.Sankaranarayanan",Sri maruthi Publishers,,-,
632,CS642,Internet Programming,,A.A.Puntambekar,Technical Publications,,495,
633,CS643,Verbal English,,Axiom,Axiom Academy,,-,
634,CS644,Verbal English,,Axiom,Axiom Academy,,-,
635,CS645,Verbal English,,Axiom,Axiom Academy,,-,
636,CS646,Verbal English,,Axiom,Axiom Academy,,-,
637,CS647,Verbal English,,Axiom,Axiom Academy,,-,
638,CS648,Verbal English,,Axiom,Axiom Academy,,-,
639,CS649,Logical Reasoning,,Axiom,Axiom Academy,,-,
640,CS650,Logical Reasoning,,Axiom,Axiom Academy,,-,
641,CS651,Logical Reasoning,,Axiom,Axiom Academy,,-,
642,CS652,Logical Reasoning,,Axiom,Axiom Academy,,-,
643,CS653,Quantitative Aptitude Book2,,Axiom,Axiom Academy,,-,
644,CS654,Quantitative Aptitude Book2,,Axiom,Axiom Academy,,-,
645,CS655,Quantitative Aptitude Book2,,Axiom,Axiom Academy,,-,
646,CS656,Quantitative Aptitude Book2,,Axiom,Axiom Academy,,-,
647,CS658,Quantitative Aptitude Book2,,Axiom,Axiom Academy,,-,
648,CS659,Quantitative Aptitude Book2,,Axiom,Axiom Academy,,-,
649,CS660,Quantitative Aptitude Book2,,Axiom,Axiom Academy,,-,
650,CS661,Quantitative Aptitude Book2,,Axiom,Axiom Academy,,-,
651,CS662,Distributed Systems,,"George Coulouris,Jean
Dollimore,Tim Kindberg,Gordon Blair",Pearson Education,,-,
652,CS663,Electrical Engineering and Control systems,,"U.A.Bakshi,V.U.Bakshni",Technical Publications,,-,
653,CS664,Engineering Practices Lab,,T.Jeyapoovan,Vikas Publishing House Pvt Ltd,,95,
654,CS665,Engineering Physics-I,,"G.Senthil Kumar,P.Paramasivam",VRB publishers Pvt Ltd,,197,
655,CS666,Engineering Mechanics,,K.V. Natarajan,KVN Publishers,,310,
656,CS667,Day to Day English Part -I,,V.R.Angappan,Sathiya Sai Pathippagam,,200,
657,CS668,Metrics And Models In Software Quality Engineering,,Stephen H.Kan,Pearson Education,,-,
658,CS669,Electronics Communications Systems,,Wayne Tomasi,Pearson Education,,-,
659,CS670,Challenging Maths Problems,,Rajesh Singh,Goodwill Publishing House,,160,
660,CS671,Sakthi's TANCET,,Dr.D.Antony Xavier,Sakthi Publication House,,200,
661,CS672,"CS672Microprocessor Architecture,Programming and Application with the 8085",,Ramesh S.Goankar,Penram International Publishing,,-,
662,CS673,Digital Signal Processing,,"Proakis, Manolakis",Pearson Education,,-,
663,CS674,Compiler Design,,Santanu Chattopadhyay,Eastern Economy Edition,,-,
664,CS675,Principles Of Compiler Design,,P.Kalaiselvi,Pratheeba Publishers,,-,
665,CS676,Microprocessor and Microcontroller,,A.P Godse D.A Godse,Technical Publiaction,,380,
666,CS677,Basic Engineering and Sciences,,V.Santhana Krishnan,Sakthi Publication House,,170,
667,CS678,Ethics in Engineering,,"Mike W.Martin,Roland Schinzinger",Tata MC Graw-Hill,,-,
668,CS679,Software Quality  Theory  and Management,,Alan C Gillies,Thomsan Publication,,-,
669,CS680,An Embedded Software Primer,,David E.Simon,Pearson Education,,-,
670,CS681,Day to Day English Part -II,,Dr.V.R Angappan,Sathya Sai Pathipagam,,150,
